GSM_ID,Factor,Biosource,RP_score,,,,Factor
GSM2113512,POLR2A,SHEP-21N;Neuroblastoma cell;Bone Marrow,0.992081404,,,,POLR2A
GSM1876187,FOXM1,MCF-7;Epithelium;Breast,0.941060901,,,,FOXM1
GSM2364544,KMT2A,SEM;B Lymphocyte,0.940334141,,,,KMT2A
ENCSR635GTR_2,TEAD2,K562;Erythroblast;Bone Marrow,0.927999973,,,,TEAD2
GSM2371334,TCOF1,HeLa;Epithelium;Cervix,0.912263215,,,,TCOF1
GSM2472120,SMARCA2,SK-N-MC;Brain,0.900900841,,,,SMARCA2
ENCSR423RTK_1,GATA3,MCF-7;Epithelium;Breast,0.899874806,,,,GATA3
ENCSR423RTK_2,GATA3,MCF-7;Epithelium;Breast,0.885245919,,,,NR2F1
ENCSR970NKQ_2,NR2F1,K562;Erythroblast;Bone Marrow,0.850581408,,,,PBX2
ENCSR263DFP_1,PBX2,K562;Erythroblast;Bone Marrow,0.848612785,,,,CEBPG
ENCSR620VIC_2,CEBPG,K562;Erythroblast;Bone Marrow,0.848536015,,,,PAX5
GSM1086297,PAX5,L428-PAX5;B Lymphocyte,0.809699535,,,,ZBTB8A
ENCSR481FEC_1,ZBTB8A,HEK293;Epithelium;Embryonic Kidney,0.803862453,,,,STAG1
GSM1234161,STAG1,GM2255;Lymphoblastoid;Blood,0.798165083,,,,GATA2
GSM1888547,GATA2,TF-1;Erythroblast;Bone Marrow,0.795454562,,,,ARID3A
GSM935336,ARID3A,K562;Erythroblast;Bone Marrow,0.789956808,,,,HES2
ENCSR425MXK_3,HES2,A549;Epithelium;Lung,0.770618558,,,,FOSL1
ENCSR239ZLZ_2,FOSL1,K562;Erythroblast;Bone Marrow,0.765465319,,,,ELF3
GSM1574273,ELF3,CFPAC-1;Pancreatic ductal,0.760602653,,,,PMEL
GSM1527707,POLR2A,Th2,0.752934694,,,,PRDM10
GSM1423007,PMEL,Melanocytic cell,0.752791882,,,,EP300
ENCSR223TAV_2,PRDM10,HEK293;Epithelium;Embryonic Kidney,0.732897401,,,,MYC
GSM898055,EP300,OCI-Ly1;B cell lymphoma;Bone Marrow,0.719968438,,,,RELA
GSM1405117,POLR2A,HeLa;Epithelium;Cervix,0.715686262,,,,XRN2
GSM762708,MYC,CA46;B Lymphocyte,0.712579608,,,,ZNF71
GSM1239484,RELA,LoVo;Colon,0.712197006,,,,SPI1
GSM1545670,POLR2A,Colon,0.712097406,,,,SMARCA4
GSM935312,POLR2A,HepG2;Epithelium;Liver,0.704307377,,,,H2AZ
GSM486288,RELA,GM15510;Lymphoblastoid;Blood,0.703546643,,,,POLR2B
GSM1846793,POLR2A,HeLa;Epithelium;Cervix,0.703023374,,,,CDK8
GSM1405132,POLR2A,Fibroblast;Skin,0.701568663,,,,SRF
GSM1872296,XRN2,HEK293;Epithelium;Embryonic Kidney,0.701140404,,,,ZEB1
GSM2065881,MYC,HCT-116;Colon cancer cell;Colon,0.700164795,,,,MYB
ENCSR121EZR_2,ZNF71,HEK293;Epithelium;Embryonic Kidney,0.700143456,,,,ZBTB7A
GSM1566567,SPI1,KB Cell;Epithelium;HeLa contaminant,0.695734978,,,,KAT8
GSM637409,POLR2A,Jurkat;T Lymphocyte;Blood,0.694357932,,,,BCL11A
GSM1177770,POLR2A,U2OS;Bone,0.692754745,,,,CDK9
GSM1846789,POLR2A,HeLa;Epithelium;Cervix,0.692602575,,,,KLF8
GSM1416815,POLR2A,LX2;Hepatic Stellate Cell,0.691534638,,,,ZNF8
GSM1164251,POLR2A,GM19238;Lymphoblastoid;Blood,0.690713704,,,,FOXA1
GSM1727102,POLR2A,HCT-116;Colon,0.690357327,,,,E2F1
GSM1480366,POLR2A,Adipocyte,0.688820601,,,,YY1
GSM1416811,POLR2A,LX2;Hepatic Stellate Cell,0.688505769,,,,ELK1
GSM971343,SMARCA4,B Lymphocyte;Blood,0.688233078,,,,DEK
ENCSR964KSS_2,HES2,A549;Epithelium;Lung,0.687916994,,,,INSM2
GSM1278000,POLR2A,Raji;B Lymphocyte;Blood,0.687883437,,,,PHF8
GSM529981,POLR2A,MCF-7;Epithelium;Breast,0.685855925,,,,NR2C2
GSM749522,H2AZ,NB4;Promyelocytic cell;Blood,0.684081137,,,,CREB1
GSM779436,POLR2B,HeLa;Epithelium;Cervix,0.681148469,,,,HIC1
GSM2494985,GATA2,SKH1,0.68083185,,,,JUND
GSM1587899,CDK8,MOLM-14;Myeloid Cell,0.6803599,,,,HDAC2
GSM1386342,MYC,P493-6;B cell lymphoma,0.678874314,,,,POLR2H
GSM1010839,SRF,MCF-7;Epithelium;Breast,0.678704202,,,,INO80
GSM803411,ZEB1,GM12878;B Lymphocyte;Blood,0.678530872,,,,PBX3
GSM1527706,POLR2A,Th1,0.676630437,,,,ETV6
GSM1468305,MYC,P493-6;B cell lymphoma,0.676527143,,,,FAM208A
GSM1010763,EP300,SK-N-SH;Neuroblastoma cell;Brain,0.676510692,,,,ZXDB
GSM1519639,MYB,Jurkat;T Lymphocyte;Blood,0.676252306,,,,MED1
GSM1480368,POLR2A,Adipocyte,0.673648179,,,,CHD4
GSM1872298,XRN2,HEK293;Epithelium;Embryonic Kidney,0.670520246,,,,NELFA
GSM1126515,H2AZ,CD14 cell,0.670320451,,,,RFX1
GSM803473,ZBTB7A,K562;Erythroblast;Bone Marrow,0.669615448,,,,BRD4
ENCSR086FZL_1,KAT8,K562;Erythroblast;Bone Marrow,0.669319868,,,,ATF3
GSM2579072,POLR2A,HEK293;Epithelium;Embryonic Kidney,0.668361366,,,,PPARG
GSM1037519,POLR2A,DL23;Epithelium;Colon,0.665780485,,,,HLTF
GSM803396,BCL11A,H1;Embryonic Stem Cell;Embryo,0.662938118,,,,NFRKB
GSM1249899,CDK9,HEK293T;Epithelium;Embryonic Kidney,0.662434697,,,,HSF1
ENCSR635NOQ_1,KLF8,HEK293;Epithelium;Embryonic Kidney,0.659248948,,,,BATF
GSM2026774,ZNF8,HEK293;Epithelium;Embryonic Kidney,0.658640265,,,,AFF1
GSM1907206,MYC,LNCaP;Epithelium;Prostate,0.657815993,,,,ZNF346
GSM393948,KAT8,T Lymphocyte;Blood,0.653351068,,,,ATF1
GSM1858640,FOXA1,ZR-75-1;Embryonic Stem Cell;Breast,0.651360571,,,,TCF12
GSM558469,E2F1,HeLa;Epithelium;Cervix,0.650740743,,,,FOXA2
GSM803476,BCL11A,H1;Embryonic Stem Cell;Embryo,0.65010798,,,,ZNF260
GSM1386343,MYC,P493-6;B cell lymphoma,0.648904026,,,,KLF9
GSM935482,YY1,GM12878;B Lymphocyte;Blood,0.646387815,,,,SP2
GSM2465109,POLR2A,HeLa;Adherent HeLa cells,0.639504552,,,,SUPT5H
ENCSR964KSS_1,HES2,A549;Epithelium;Lung,0.636299431,,,,ZEB2
ENCSR382WLL_2,ELK1,MCF-7;Epithelium;Breast,0.633736551,,,,STAT3
ENCSR481FEC_2,ZBTB8A,HEK293;Epithelium;Embryonic Kidney,0.630308867,,,,KLF17
GSM2218644,POLR2A,TIME;Fibroblast,0.628432274,,,,FOXK2
GSM1126511,H2AZ,CD14 cell,0.6269539,,,,KDM5C
GSM1485998,DEK,U937;Pleura,0.626482189,,,,DDX20
ENCSR382GSF_1,INSM2,HEK293;Epithelium;Embryonic Kidney,0.624338627,,,,SMARCC1
GSM1642764,SPI1,786-O;Epithelium;Kidney,0.624284804,,,,ZNF146
GSM566159,PHF8,HeLa;Epithelium;Cervix,0.62391156,,,,RCOR1
GSM935369,NR2C2,HeLa-S3;Epithelium;Cervix,0.623789191,,,,DDX21
GSM1010890,CREB1,K562;Erythroblast;Bone Marrow,0.623770833,,,,CTCF
ENCSR803GYT_1,HIC1,HEK293;Epithelium;Embryonic Kidney,0.623409688,,,,AR
GSM2190582,POLR2A,A375;Melanoma Cell,0.621059656,,,,PAF1
GSM1208763,JUND,LoVo;Colon,0.620392203,,,,NELFE
GSM1010901,JUND,SK-N-SH;Neuroblastoma cell;Brain,0.620151758,,,,TAL1
GSM803471,HDAC2,K562;Erythroblast;Bone Marrow,0.619596541,,,,MAF
GSM486506,POLR2A,GM12891;Lymphoblastoid;Blood,0.618258715,,,,RUNX3
GSM2151648,POLR2A,MCF-7;Human Breast Cancer Cell;Breast,0.61813426,,,,ZNF143
ENCSR400FSM_2,POLR2H,K562;Erythroblast;Bone Marrow,0.617266178,,,,ERCC2
GSM2190587,INO80,SKmel147;Melanoma Cell,0.617245674,,,,
GSM1010755,PBX3,A549;Epithelium;Lung,0.616402149,,,,
GSM2574796,ETV6,GM12878;B Lymphocyte;Blood,0.616239369,,,,
GSM2789808,FAM208A,K562;Leukemia,0.615096688,,,,
GSM569087,POLR2A,Jurkat E6-1;T Lymphocyte;Blood,0.615076184,,,,
ENCSR559IOZ_2,ZXDB,HEK293;Epithelium;Embryonic Kidney,0.614956737,,,,
GSM2212239,MED1,SEM;B Lymphocyte,0.614550054,,,,
GSM1858658,FOXA1,T47D;Embryonic Stem Cell;Breast,0.614438534,,,,
GSM2218642,POLR2A,TIME;Fibroblast,0.613749981,,,,
GSM2579165,CHD4,SCC9;squamous cell carcinoma,0.612642944,,,,
GSM2465091,NELFA,HeLa;Adherent HeLa cells,0.612546086,,,,
ENCSR041AXL_2,RFX1,K562;Erythroblast;Bone Marrow,0.611005723,,,,
GSM2316302,BRD4,Retina,0.610526323,,,,
GSM838675,ATF3,Glioblastoma Multiforme Stem Like,0.61038959,,,,
GSM2789805,POLR2A,K562;Leukemia,0.609423399,,,,
GSM1443812,PPARG,hMADS-3;Adipocyte;Adipose,0.608712256,,,,
ENCSR090JNM_2,HLTF,K562;Erythroblast;Bone Marrow,0.608099282,,,,
GSM935373,GATA2,K562;Erythroblast;Bone Marrow,0.60772109,,,,
GSM467648,GATA2,K562;Erythroblast;Bone Marrow,0.60772109,,,,
ENCSR657EOF_1,NFRKB,K562;Erythroblast;Bone Marrow,0.607556343,,,,
GSM2643545,POLR2A,LCL;Lymphoblastoid;Blood,0.606579483,,,,
GSM1495182,HSF1,U2OS;Bone,0.606001556,,,,
GSM2467218,H2AZ,MCF-7;Mammary Gland,0.605851293,,,,
GSM803538,BATF,GM12878;B Lymphocyte;Blood,0.60565722,,,,
GSM1545671,POLR2A,Colon,0.605209708,,,,
GSM1177769,POLR2A,U2OS;Bone,0.604879677,,,,
GSM2364547,AFF1,SEM;B Lymphocyte,0.604409039,,,,
GSM2364548,AFF1,SEM;B Lymphocyte,0.604347825,,,,
ENCSR162MTR_1,ZNF346,HEK293;Epithelium;Embryonic Kidney,0.604344904,,,,
GSM935340,ATF1,K562;Erythroblast;Bone Marrow,0.60417515,,,,
GSM1010900,TCF12,SK-N-SH;Neuroblastoma cell;Brain,0.603893518,,,,
GSM2467214,H2AZ,MCF-7;Mammary Gland,0.603743553,,,,
GSM803540,GATA2,K562;Erythroblast;Bone Marrow,0.599431813,,,,
ENCSR968GIB_1,RFX1,K562;Erythroblast;Bone Marrow,0.598721981,,,,
GSM2401447,FOXA2,BJ;Fibroblast;Skin,0.598719299,,,,
GSM2026812,ZNF260,HEK293;Epithelium;Embryonic Kidney,0.598540187,,,,
ENCSR657EOF_2,NFRKB,K562;Erythroblast;Bone Marrow,0.597845614,,,,
GSM1522563,KLF9,GBM1A;Glioblastoma Stem Cell,0.597465873,,,,
GSM2519957,POLR2A,Muscle,0.597096205,,,,
ENCSR807LQP_1,SP2,HEK293;Epithelium;Embryonic Kidney,0.596752942,,,,
ENCSR894CGX_2,SUPT5H,K562;Erythroblast;Bone Marrow,0.595911026,,,,
GSM754330,POLR2A,GM12878;B Lymphocyte;Blood,0.595434964,,,,
ENCSR417VWF_1,ZEB2,HEK293;Epithelium;Embryonic Kidney,0.594905972,,,,
GSM1010887,PBX3,SK-N-SH;Neuroblastoma cell;Brain,0.594605505,,,,
GSM2465106,NELFA,HeLa;Adherent HeLa cells,0.593789637,,,,
GSM2278008,STAT3,MDA-MB-468;mDA,0.59357965,,,,
ENCSR382WLL_1,ELK1,MCF-7;Epithelium;Breast,0.5932886,,,,
ENCSR065WUF_2,KLF17,HEK293;Epithelium;Embryonic Kidney,0.592774034,,,,
GSM2465101,SUPT5H,HeLa;Adherent HeLa cells,0.592754543,,,,
ENCSR091GVJ_1,ATF1,K562;Erythroblast;Bone Marrow,0.592377245,,,,
GSM486503,POLR2A,GM12891;Lymphoblastoid;Blood,0.592333317,,,,
ENCSR302AWT_1,FOXK2,K562;Erythroblast;Bone Marrow,0.59192282,,,,
GSM486495,POLR2A,GM12878;B Lymphocyte;Blood,0.591312945,,,,
GSM2467217,H2AZ,MCF-7;Mammary Gland,0.590727389,,,,
GSM486507,POLR2A,GM12891;Lymphoblastoid;Blood,0.590441406,,,,
GSM2676810,POLR2A,J-Lat A72,0.590184033,,,,
GSM1889902,KDM5C,caki-1;Kidney,0.589909434,,,,
GSM748553,MYC,K562;Erythroblast;Bone Marrow,0.589525342,,,,
GSM1010762,SRF,ECC-1;Epithelium;Endometrium,0.589133382,,,,
GSM1423725,MYC,MCF-10A;Epithelium;Breast,0.588903725,,,,
GSM2789802,POLR2A,K562;Leukemia,0.588454425,,,,
GSM2330587,BRD4,SUM159PT;Mammary carcinoma cell;Breast,0.588059723,,,,
ENCSR382AIB_2,DDX20,K562;Erythroblast;Bone Marrow,0.588,,,,
GSM935637,SMARCC1,HeLa-S3;Epithelium;Cervix,0.58799839,,,,
GSM601400,SMARCC1,HeLa;Epithelium;Cervix,0.58799839,,,,
ENCSR417VWF_2,ZEB2,HEK293;Epithelium;Embryonic Kidney,0.587948859,,,,
GSM1226378,POLR2A,Endothelial Cell;Umbilical Vein,0.587870896,,,,
ENCSR689YFA_2,ZNF146,HEK293;Epithelium;Embryonic Kidney,0.587516069,,,,
ENCSR391JII_2,RCOR1,MCF-7;Epithelium;Breast,0.58744663,,,,
GSM2371331,DDX21,HeLa;Epithelium;Cervix,0.586901724,,,,
ENCSR894CGX_1,SUPT5H,K562;Erythroblast;Bone Marrow,0.586145639,,,,
GSM808752,CTCF,MCF-7;Epithelium;Breast,0.585872114,,,,
GSM1010760,CREB1,GM12878;B Lymphocyte;Blood,0.585247934,,,,
ENCSR689YFA_1,ZNF146,HEK293;Epithelium;Embryonic Kidney,0.584382832,,,,
GSM2643541,BRD4,LCL;Lymphoblastoid;Blood,0.583967268,,,,
GSM1691139,AR,LNCaP;Epithelium;Prostate,0.58375001,,,,
ENCSR968GIB_2,RFX1,K562;Erythroblast;Bone Marrow,0.58322829,,,,
GSM1727096,PAF1,HCT-116;Colon,0.583174586,,,,
GSM2465107,POLR2A,HeLa;Adherent HeLa cells,0.582603216,,,,
ENCSR559IOZ_1,ZXDB,HEK293;Epithelium;Embryonic Kidney,0.582134306,,,,
GSM2151633,NELFE,MCF-7;Human Breast Cancer Cell;Breast,0.582089603,,,,
GSM1291199,TAL1,Cord blood,0.581701934,,,,
GSM2467216,H2AZ,MCF-7;Mammary Gland,0.581432521,,,,
GSM1859072,MAF,Th1,0.580721974,,,,
GSM2113332,POLR2A,A549;Epithelium;Lung,0.580325902,,,,
GSM1873039,FOXA1,LNCaP;Epithelium;Prostate,0.580124855,,,,
GSM486496,POLR2A,GM12878;B Lymphocyte;Blood,0.578998387,,,,
GSM2333815,ATF3,GM00739;Fibroblast,0.57854867,,,,
GSM2597230,YY1,LCL;Lymphoblastoid;Blood,0.578419805,,,,
GSM1517093,EP300,HeLa;Epithelium;Cervix,0.578233957,,,,
GSM2090927,POLR2A,MOLT-4;T Lymphoblast,0.578143358,,,,
ENCSR302AWT_2,FOXK2,K562;Erythroblast;Bone Marrow,0.577965081,,,,
ENCSR031TFS_1,POLR2A,K562;Erythroblast;Bone Marrow,0.577524066,,,,
GSM1010893,RUNX3,GM12878;B Lymphocyte;Blood,0.577364445,,,,
GSM2350448,BRD4,C4-2;Prostate,0.576758444,,,,
GSM2067539,POLR2A,786-O;Epithelium;Kidney,0.576741457,,,,
GSM820535,POLR2A,IMR90;Fibroblast;Lung,0.576227427,,,,
ENCSR936XTK_2,ZNF143,GM12878;B Lymphocyte;Blood,0.575236976,,,,
GSM1092545,ERCC2,HT1080;Connective Tissue,0.575231493,,,,
GSM2360622,ZEB1,MDA-231;Epithelium;Mammary Gland,0.575104713,,,,
GSM808756,POLR2A,MCF-7;Epithelium;Breast,0.574944079,,,,
GSM486505,POLR2A,GM12891;Lymphoblastoid;Blood,0.574943364,,,,
GSM486477,POLR2A,GM10847;Lymphoblastoid;Blood,0.574561417,,,,
GSM2151657,NELFE,MCF-7;Human Breast Cancer Cell;Breast,0.574304342,,,,
